[
  {
    "name": "Grandparent",
    "children": [
      {
        "name": "Parent 1",
        "children": [
          {
            "name": "Child 1.1",
            "children": [
              {
                "name": "Child 1.1.1",
                "children": [
                  {
                    "name": "Child 1.1.1.1",
                    "children": [
                      {
                        "name": "Child 1.1.2.1"
                      },
                      {
                        "name": "Child 1.1.2.2"
                      }
                    ]
                  }
                ]
              }
            ]
          },
          {
            "name": "Child 1.2"
          }
        ]
      },
      {
        "name": "Parent 2",
        "children": [
          {
            "name": "Child 2.1"
          },
          {
            "name": "Child 2.2"
          }
        ]
      }
    ]
  }
]
